{
 "coef": [
  0.006783072285094506,
  -0.08720251151405282,
  -0.1728724960204555,
  0.0
 ],
 "intercept": 0.8687497138748007,
 "offset": -6.1858052564183,
 "feature_order": [
  "category_base_rate",
  "market_size",
  "proposer_reliability",
  "latency_anomaly"
 ],
 "metrics": {
  "brier": 0.24624933512058392,
  "n": 352,
  "positives": 176,
  "pi_train": 0.5,
  "natural_rate": 0.0020542148256164185,
  "offset": -6.1858052564183,
  "no_skill_brier": 0.25,
  "base_rate_brier_enriched": 0.49781342639671106,
  "holdout_brier": 0.49783422306868724,
  "holdout_auc": 0.6400854396582414,
  "discriminates": true,
  "caveat": "CLASS-ENRICHED training (positives ~60% vs ~1% natural); output prior-corrected to natural prevalence via `offset`. Headline = held-out AUC (discrimination). At ~1% prevalence this is CALIBRATION-LIMITED (DECISIONS.md #9) \u2014 a directional structural signal, NOT a validated edge over the category base rate; the base rate remains the honest default."
 }
}