{
 "coef": [
  0.06537399783733178,
  -0.15160828171645074,
  -0.1889262861401737,
  0.0
 ],
 "intercept": 1.2569327002340676,
 "offset": -6.11255771467068,
 "feature_order": [
  "category_base_rate",
  "market_size",
  "proposer_reliability",
  "latency_anomaly"
 ],
 "metrics": {
  "brier": 0.24288375386533448,
  "n": 352,
  "positives": 176,
  "pi_train": 0.5,
  "natural_rate": 0.0022099836890997105,
  "offset": -6.11255771467068,
  "no_skill_brier": 0.25,
  "base_rate_brier_enriched": 0.49750356145541763,
  "holdout_brier": 0.4974213842089376,
  "holdout_auc": 0.5005339978640085,
  "discriminates": false,
  "caveat": "CLASS-ENRICHED training (positives ~60% vs ~1% natural); output prior-corrected to natural prevalence via `offset`. Headline = held-out AUC (discrimination). At ~1% prevalence this is CALIBRATION-LIMITED (DECISIONS.md #9) \u2014 a directional structural signal, NOT a validated edge over the category base rate; the base rate remains the honest default."
 }
}